./examples/sygus/diff2.prop,5,177,207.53,1.17,34.59,96.99,9.99,46.83,35,54,1.00,0,2,2.33,0,6,1.17,1,2,0.67,0,4,54,9.00,35,1,68.37,1.27,11.39,40.22,1.27,1.67,1.78,1.37,1.28,1.65,0.91,4,0.67,1,0,7.13,1.78,1.19,1.88,0.00,1.51,1.88,0.00,1.19,1.88,0.00,89,14.83,49,3,71.45,0.80,11.91,39.72,2.34,0.94,0.94,0.94,0.76,0.77,0.75,30,5.00,13,2,60.59,2.02,10.10,17.21,3.31,3.90,13.57,1.62,1.83,3.64,1.03,21.22,3.54,13.57,1.34,1,1.27,1.27,1.78,1.27,1,1.85,1.85,1.88,1.85,3,2.34,0.78,0.94,0.77,2,17.21,8.60,13.57,3.64,22.67,13.57
./examples/sygus/max3.prop,5,90,89.75,1.00,14.96,22.19,10.13,9.67,6,13,3.33,0,5,0.50,0,2,4.00,2,5,0.00,0,0,13,2.17,6,0,13.04,1.00,2.17,5.92,0.00,1.05,1.08,1.02,0.65,1.04,0.00,1,0.17,1,0,1.12,1.12,0.19,1.12,0.00,0.19,1.12,0.00,0.19,1.12,0.00,47,7.83,13,3,36.03,0.77,6.00,10.02,2.32,0.81,0.82,0.81,0.75,0.77,0.73,29,4.83,7,2,39.57,1.36,6.59,9.62,3.23,2.43,8.45,1.11,1.07,1.17,0.92,14.06,2.34,8.45,1.05,1,1.02,1.02,1.08,1.02,1,1.12,1.12,1.12,1.12,3,2.32,0.77,0.82,0.77,2,9.62,4.81,8.45,1.17,14.08,8.45
./examples/sygus/max2.prop,3,39,34.30,0.88,8.58,12.73,2.57,2.75,2,3,2.50,0,4,0.00,0,0,3.25,3,4,0.25,0,1,3,0.75,2,0,2.78,0.93,0.70,1.88,0.00,0.99,0.99,0.99,0.45,0.90,0.00,0,0.00,0,0,0.00,0.00,0.00,0.00,0.00,0.00,0.00,0.00,0.00,0.00,0.00,21,5.25,8,1,15.63,0.74,3.91,5.98,0.74,0.77,0.77,0.77,0.73,0.74,0.73,15,3.75,5,1,15.89,1.06,3.97,5.23,1.83,1.29,1.83,1.00,1.17,1.83,0.91,4.90,1.23,1.83,0.94,0,0.00,0.00,0.99,0.00,0,0.00,0.00,0.00,0.00,1,0.74,0.74,0.77,0.74,1,1.83,1.83,1.83,1.83,2.57,1.83
Timeout
./examples/sygus/array_search_3.prop,10,360,809.58,2.25,73.60,500.65,17.58,33.73,11,75,4.36,0,7,2.91,0,21,4.91,4,7,0.64,0,2,75,6.82,25,1,108.18,1.44,9.83,38.51,1.60,1.69,2.23,1.41,1.26,1.60,1.09,4,0.36,1,0,7.54,1.89,0.69,2.08,0.00,0.69,2.08,0.00,0.69,2.08,0.00,183,16.64,47,8,141.96,0.78,12.91,36.59,6.18,0.84,0.85,0.84,0.75,0.76,0.74,98,8.91,22,5,551.90,5.63,50.17,423.47,7.93,28.98,300.02,1.78,1.58,2.13,1.12,317.19,28.84,300.02,1.33,25,38.51,1.54,2.23,1.30,1,2.08,2.08,2.08,2.08,47,36.59,0.78,0.85,0.74,22,423.47,19.25,300.02,2.13,500.65,300.02
./examples/sygus/array_search_2.prop,5,94,110.32,1.17,18.39,34.37,4.86,10.17,7,13,2.67,0,4,0.67,0,2,3.17,2,4,0.67,0,3,13,2.17,7,0,16.73,1.29,2.79,8.84,0.00,1.38,1.46,1.35,0.84,1.30,0.00,3,0.50,1,0,4.23,1.41,0.71,1.49,0.00,0.92,1.49,0.00,0.71,1.49,0.00,48,8.00,16,1,44.58,0.93,7.43,14.79,0.88,0.98,0.98,0.98,0.90,0.91,0.88,30,5.00,8,1,44.78,1.49,7.46,10.75,2.49,1.76,2.49,1.43,1.57,2.49,1.22,9.51,1.58,2.49,1.32,0,0.00,0.00,1.46,0.00,1,1.49,1.49,1.49,1.49,1,0.88,0.88,0.98,0.88,1,2.49,2.49,2.49,2.49,4.86,2.49
Timeout
./examples/sygus/diff1.prop,3,165,514.00,3.12,128.50,429.43,22.53,13.50,6,33,5.50,0,9,5.25,0,21,7.25,6,9,0.25,0,1,33,8.25,25,1,44.97,1.36,11.24,34.71,1.30,1.39,1.51,1.33,1.28,1.39,1.15,0,0.00,0,0,0.00,0.00,0.00,0.00,0.00,0.00,0.00,0.00,0.00,0.00,0.00,84,21.00,47,10,81.16,0.97,20.29,45.71,9.52,1.02,1.08,0.98,0.89,0.93,0.85,48,12.00,22,8,387.87,8.08,96.97,349.00,11.71,76.60,300.02,1.97,1.38,1.51,1.28,306.28,76.57,300.02,1.84,25,34.71,1.39,1.51,1.30,0,0.00,0.00,0.00,0.00,47,45.71,0.97,1.08,0.85,22,349.00,15.86,300.02,1.51,429.43,300.02
./examples/others/abs_normal.prop,3,71,97.90,1.38,24.47,32.04,9.10,5.00,3,7,5.00,0,7,0.25,0,1,6.75,6,7,0.75,0,1,7,1.75,3,1,10.40,1.49,2.60,4.37,1.42,1.56,1.61,1.52,1.46,1.53,1.42,0,0.00,0,0,0.00,0.00,0.00,0.00,0.00,0.00,0.00,0.00,0.00,0.00,0.00,37,9.25,12,3,42.51,1.15,10.63,13.99,3.45,1.22,1.24,1.20,1.10,1.14,1.07,27,6.75,9,2,44.98,1.67,11.24,14.91,4.19,2.16,2.25,2.13,1.60,1.94,1.44,7.66,1.91,2.25,1.59,1,1.46,1.46,1.61,1.46,0,0.00,0.00,0.00,0.00,3,3.45,1.15,1.24,1.14,2,4.19,2.09,2.25,1.94,9.10,2.25
./examples/others/abs_simple.prop,5,73,99.27,1.36,16.55,25.16,3.04,2.83,2,3,4.00,0,6,0.00,0,0,4.67,4,6,0.17,0,1,3,0.50,2,0,4.36,1.45,0.73,2.95,0.00,1.51,1.51,1.51,0.47,1.44,0.00,0,0.00,0,0,0.00,0.00,0.00,0.00,0.00,0.00,0.00,0.00,0.00,0.00,0.00,39,6.50,10,1,44.63,1.14,7.44,11.33,1.16,1.20,1.21,1.15,1.12,1.16,1.09,31,5.17,7,1,50.28,1.62,8.38,10.87,1.88,1.88,1.95,1.63,1.58,1.88,1.45,10.36,1.73,1.95,1.50,0,0.00,0.00,1.51,0.00,0,0.00,0.00,0.00,0.00,1,1.16,1.16,1.21,1.16,1,1.88,1.88,1.95,1.88,3.04,1.88
./examples/others/sum_nonlinear_simple.prop,3,35,47.30,1.35,11.82,19.99,2.80,3.75,3,4,1.75,0,3,0.00,0,0,2.50,2,3,0.25,0,1,4,1.00,3,0,5.92,1.48,1.48,4.35,0.00,1.55,1.57,1.50,0.74,1.57,0.00,0,0.00,0,0,0.00,0.00,0.00,0.00,0.00,0.00,0.00,0.00,0.00,0.00,0.00,19,4.75,8,1,22.31,1.17,5.58,9.50,1.15,1.22,1.22,1.22,1.15,1.18,1.11,12,3.00,4,1,19.07,1.59,4.77,6.33,1.64,1.66,1.69,1.58,1.55,1.64,1.46,6.34,1.58,1.65,1.49,0,0.00,0.00,1.57,0.00,0,0.00,0.00,0.00,0.00,1,1.15,1.15,1.22,1.15,1,1.64,1.64,1.69,1.64,2.80,1.64
./examples/others/sum_nonlinear_normal.prop,3,141,394.94,2.80,98.74,181.57,61.31,10.00,5,15,10.25,0,28,1.00,0,4,17.25,6,28,1.50,1,3,15,3.75,5,2,23.43,1.56,5.86,8.06,3.98,2.03,2.27,1.78,1.45,1.71,1.22,0,0.00,0,0,0.00,0.00,0.00,0.00,0.00,0.00,0.00,0.00,0.00,0.00,0.00,72,18.00,33,9,94.41,1.31,23.60,42.05,9.33,1.90,1.90,1.90,1.08,1.16,0.92,54,13.50,30,5,277.10,5.13,69.27,135.54,37.31,24.20,33.73,7.30,2.76,3.21,2.41,46.41,11.60,22.04,4.99,4,5.02,1.26,2.27,1.22,0,0.00,0.00,0.00,0.00,9,9.33,1.04,1.90,0.92,5,46.96,9.39,33.73,3.21,61.31,14.27
./examples/others/sum_linear.prop,4,182,231.04,1.27,46.21,104.03,7.46,7.60,6,9,14.60,0,33,0.20,0,1,17.00,10,33,0.20,0,1,9,1.80,6,0,11.29,1.25,2.26,7.43,0.00,1.38,1.38,1.38,0.98,1.37,0.00,0,0.00,0,0,0.00,0.00,0.00,0.00,0.00,0.00,0.00,0.00,0.00,0.00,0.00,93,18.60,41,3,90.55,0.97,18.11,40.27,2.88,1.25,1.25,1.25,0.91,0.94,0.88,80,16.00,34,2,129.20,1.61,25.84,56.33,3.42,2.90,3.21,2.44,1.34,1.48,1.25,10.84,2.17,3.21,1.60,1,1.16,1.16,1.38,1.16,0,0.00,0.00,0.00,0.00,3,2.88,0.96,1.25,0.94,2,3.42,1.71,3.21,1.48,7.46,1.94
./examples/struct/tree/tree_empty.prop,1,11,17.43,1.58,8.71,14.08,3.35,1.00,1,1,0.50,0,1,0.00,0,0,1.00,1,1,1.00,1,1,1,0.50,1,0,1.39,1.39,0.70,1.39,0.00,1.39,1.39,1.39,0.70,1.39,0.00,0,0.00,0,0,0.00,0.00,0.00,0.00,0.00,0.00,0.00,0.00,0.00,0.00,0.00,6,3.00,5,1,8.85,1.48,4.43,7.35,1.50,1.58,1.58,1.58,1.44,1.50,1.39,4,2.00,3,1,7.18,1.80,3.59,5.33,1.85,1.97,1.97,1.97,1.74,1.85,1.63,3.48,1.74,1.85,1.63,0,0.00,0.00,1.39,0.00,0,0.00,0.00,0.00,0.00,1,1.50,1.50,1.58,1.50,1,1.85,1.85,1.97,1.85,3.35,1.85
./examples/struct/tree/tree_branch_rootval.prop,5,167,419.55,2.51,69.93,173.05,41.23,12.67,4,31,4.00,0,6,2.17,0,11,4.67,4,6,1.33,0,2,31,5.17,17,2,77.10,2.49,12.85,49.12,3.69,2.41,3.80,1.88,1.99,2.30,1.73,2,0.33,1,0,5.54,2.77,0.92,2.93,0.00,0.92,2.93,0.00,0.92,2.93,0.00,85,14.17,29,10,172.47,2.03,28.74,60.89,19.20,2.28,2.34,2.24,1.81,1.92,1.72,49,8.17,12,6,164.45,3.36,27.41,60.11,15.86,3.98,8.61,2.81,2.65,3.08,2.17,21.91,3.65,8.44,2.38,17,49.12,2.89,3.80,2.23,1,2.93,2.93,2.93,2.93,29,60.89,2.10,2.34,1.92,12,60.11,5.01,8.61,3.08,173.05,8.44
./examples/struct/tree/tree_branch_left.prop,8,218,613.40,2.81,68.16,104.17,22.20,16.56,4,32,4.89,0,9,1.22,0,4,5.44,2,9,0.78,0,3,32,3.56,6,0,80.76,2.52,8.97,16.38,0.00,2.67,3.54,1.78,1.96,2.61,0.00,4,0.44,1,0,13.86,3.47,1.54,4.42,0.00,1.54,4.42,0.00,1.54,4.42,0.00,111,12.33,18,5,247.46,2.23,27.50,41.58,10.10,2.57,2.58,2.52,1.99,2.18,1.72,71,7.89,11,4,271.32,3.82,30.15,43.19,12.01,5.29,17.52,2.99,3.23,4.60,2.16,44.45,4.94,17.52,2.70,4,12.39,3.10,3.54,2.58,1,4.42,4.42,4.42,4.42,9,20.37,2.26,2.58,2.17,5,43.13,8.63,17.52,4.60,80.31,17.52
./examples/struct/tree/tree_elem.prop,2,50,91.85,1.84,30.62,44.31,22.50,7.67,6,10,1.33,0,2,1.33,1,2,2.00,2,2,0.67,0,2,10,3.33,6,1,17.35,1.74,5.78,10.22,1.73,1.89,1.97,1.85,1.65,1.73,1.54,2,0.67,1,0,4.03,2.02,1.34,2.07,0.00,1.34,2.07,0.00,1.34,2.07,0.00,25,8.33,13,6,42.05,1.68,14.02,21.93,10.02,1.83,1.83,1.83,1.53,1.58,1.47,13,4.33,6,3,28.42,2.19,9.47,12.16,7.56,2.43,2.88,2.16,2.05,2.32,1.88,6.85,2.28,2.88,1.95,3,5.40,1.80,1.97,1.67,1,2.07,2.07,2.07,2.07,6,10.02,1.67,1.83,1.53,3,7.56,2.52,2.88,2.32,25.05,2.88
./examples/struct/tree/tree_branch_right.prop,8,208,598.57,2.88,66.51,141.63,31.39,15.00,5,32,4.22,0,7,1.67,0,7,4.67,1,7,0.56,0,3,32,3.56,7,0,80.48,2.52,8.94,21.68,0.00,2.56,3.23,2.12,1.46,2.81,0.00,2,0.22,1,0,7.72,3.86,0.86,4.80,0.00,1.18,4.80,0.00,0.86,4.80,0.00,107,11.89,19,7,237.24,2.22,26.36,42.16,15.12,2.53,2.61,2.49,1.92,2.16,1.80,67,7.44,11,5,273.12,4.08,30.35,79.86,14.99,5.00,17.31,2.92,3.14,4.34,2.37,41.64,4.63,16.62,2.68,7,21.68,3.10,3.23,2.81,1,4.80,4.80,4.80,4.80,15,35.28,2.35,2.61,2.16,8,79.86,9.98,17.31,4.34,141.63,16.62
./examples/struct/list/list_ith.prop,5,98,172.69,1.76,28.78,53.46,8.37,9.00,6,16,2.83,0,6,1.00,0,5,3.33,1,6,0.17,0,1,16,2.67,7,0,30.83,1.93,5.14,14.56,0.00,2.02,2.43,1.90,1.53,1.96,0.00,1,0.17,1,0,2.06,2.06,0.34,2.06,0.00,0.34,2.06,0.00,0.34,2.06,0.00,51,8.50,15,3,71.38,1.40,11.90,20.76,4.12,1.57,1.59,1.49,1.29,1.35,1.26,30,5.00,8,2,68.43,2.28,11.40,17.96,4.25,2.64,4.53,2.19,2.02,2.33,1.79,14.50,2.42,4.53,1.95,7,14.56,2.08,2.43,1.90,1,2.06,2.06,2.06,2.06,13,18.89,1.45,1.59,1.31,6,17.96,2.99,4.53,2.33,53.46,4.53
./examples/struct/list/list_min.prop,2,22,34.51,1.57,11.50,17.17,3.10,1.67,1,2,1.67,0,3,0.00,0,0,2.33,2,3,0.00,0,0,2,0.67,1,0,3.36,1.68,1.12,1.68,0.00,1.68,1.68,1.68,1.12,1.68,0.00,0,0.00,0,0,0.00,0.00,0.00,0.00,0.00,0.00,0.00,0.00,0.00,0.00,0.00,12,4.00,6,1,16.45,1.37,5.48,8.22,1.34,1.53,1.53,1.53,1.33,1.34,1.32,8,2.67,4,1,14.70,1.84,4.90,7.26,1.76,1.95,1.97,1.90,1.76,1.78,1.73,5.27,1.76,1.78,1.73,0,0.00,0.00,1.68,0.00,0,0.00,0.00,0.00,0.00,1,1.34,1.34,1.53,1.34,1,1.76,1.76,1.97,1.76,3.10,1.76
./examples/struct/list/list_stutter_quantified.prop,14,158,260.80,1.65,17.39,52.99,4.00,7.40,4,8,3.07,0,10,0.00,0,0,3.20,1,10,0.20,0,1,8,0.53,4,0,14.38,1.80,0.96,7.30,0.00,1.97,1.98,1.94,0.48,1.98,0.00,0,0.00,0,0,0.00,0.00,0.00,0.00,0.00,0.00,0.00,0.00,0.00,0.00,0.00,86,5.73,14,1,112.06,1.30,7.47,22.08,1.12,1.79,1.79,1.79,1.19,1.50,1.11,64,4.27,12,1,134.36,2.10,8.96,29.07,2.87,2.69,2.87,2.50,1.97,2.87,1.75,30.30,2.02,2.87,1.75,0,0.00,0.00,1.98,0.00,0,0.00,0.00,0.00,0.00,1,1.12,1.12,1.79,1.12,1,2.87,2.87,2.87,2.87,4.00,2.87
./examples/struct/list/list_reverse.prop,2,34,42.91,1.26,14.30,21.26,7.60,3.33,3,4,2.33,0,4,0.33,0,1,3.67,3,4,0.33,0,1,4,1.33,3,0,4.81,1.20,1.60,3.68,0.00,1.30,1.30,1.30,0.76,1.17,0.00,0,0.00,0,0,0.00,0.00,0.00,0.00,0.00,0.00,0.00,0.00,0.00,0.00,0.00,18,6.00,9,3,20.63,1.15,6.88,10.42,3.45,1.32,1.32,1.32,1.06,1.07,1.05,12,4.00,5,2,17.47,1.46,5.82,7.28,3.03,1.54,1.59,1.51,1.39,1.43,1.36,4.34,1.45,1.59,1.36,1,1.12,1.12,1.30,1.12,0,0.00,0.00,0.00,0.00,3,3.45,1.15,1.32,1.06,2,3.03,1.51,1.59,1.43,7.60,1.59
./examples/struct/list/list_reverse_twice.prop,8,115,240.26,2.09,26.70,47.29,7.26,8.67,4,12,2.67,0,5,0.56,0,2,2.89,1,5,0.22,0,1,12,1.33,4,0,16.52,1.38,1.84,4.96,0.00,1.51,1.65,1.35,0.73,1.51,0.00,3,0.33,1,0,5.00,1.67,0.56,1.82,0.00,1.27,1.82,0.00,0.56,1.82,0.00,60,6.67,11,1,137.69,2.29,15.30,28.10,1.22,3.56,3.95,2.10,1.54,3.40,1.18,40,4.44,7,1,81.05,2.03,9.01,14.46,3.51,2.65,7.72,1.56,2.41,7.72,1.47,22.37,2.49,7.72,1.48,0,0.00,0.00,1.65,0.00,0,0.00,0.00,1.82,0.00,1,1.22,1.22,3.95,1.22,1,7.72,7.72,7.72,7.72,8.95,7.72
./examples/struct/list/list_find.prop,6,124,155.14,1.25,22.16,41.49,13.14,12.57,3,18,3.71,0,5,0.86,0,3,4.43,3,5,0.14,0,1,18,2.57,6,0,23.62,1.31,3.37,8.10,0.00,1.42,1.46,1.22,0.88,1.27,0.00,2,0.29,1,0,3.02,1.51,0.43,1.64,0.00,0.90,1.64,0.00,0.43,1.64,0.00,64,9.14,16,5,64.82,1.01,9.26,16.86,4.93,1.14,1.15,1.08,0.95,0.96,0.92,40,5.71,9,3,63.68,1.59,9.10,15.16,6.18,1.82,2.61,1.40,1.49,1.69,1.28,11.42,1.63,2.61,1.30,2,2.64,1.32,1.46,1.27,0,0.00,0.00,1.64,0.00,5,5.16,1.03,1.15,0.95,3,6.18,2.06,2.61,1.69,13.98,2.61
./examples/struct/list/list_replicate.prop,3,39,45.19,1.16,11.30,24.24,2.34,3.00,3,3,2.50,0,5,0.00,0,0,3.00,2,5,0.25,0,1,3,0.75,3,0,3.62,1.21,0.90,3.62,0.00,1.24,1.24,1.24,0.30,1.19,0.00,0,0.00,0,0,0.00,0.00,0.00,0.00,0.00,0.00,0.00,0.00,0.00,0.00,0.00,21,5.25,11,1,21.06,1.00,5.27,11.03,1.00,1.08,1.08,1.08,0.97,1.00,0.93,15,3.75,7,1,20.51,1.37,5.13,9.59,1.34,1.46,1.46,1.46,1.28,1.34,1.24,5.12,1.28,1.34,1.24,0,0.00,0.00,1.24,0.00,0,0.00,0.00,0.00,0.00,1,1.00,1.00,1.08,1.00,1,1.34,1.34,1.46,1.34,2.34,1.34
./examples/struct/list/list_stutter_mult.prop,1,17,20.75,1.22,10.37,18.31,2.44,3.00,3,3,1.50,0,3,0.00,0,0,3.00,3,3,0.00,0,0,3,1.50,3,0,3.74,1.25,1.87,3.74,0.00,1.28,1.28,1.28,0.61,1.21,0.00,0,0.00,0,0,0.00,0.00,0.00,0.00,0.00,0.00,0.00,0.00,0.00,0.00,0.00,9,4.50,8,1,10.05,1.12,5.03,8.98,1.07,1.21,1.21,1.21,1.07,1.07,1.07,5,2.50,4,1,6.95,1.39,3.48,5.59,1.36,1.47,1.47,1.47,1.35,1.36,1.34,2.71,1.36,1.36,1.35,0,0.00,0.00,1.28,0.00,0,0.00,0.00,0.00,0.00,1,1.07,1.07,1.21,1.07,1,1.36,1.36,1.47,1.36,2.44,1.36
./examples/struct/list/list_stutter.prop,5,61,75.18,1.23,12.53,20.70,2.46,3.00,3,3,3.00,0,4,0.00,0,0,3.67,3,4,0.17,0,1,3,0.50,3,0,3.58,1.19,0.60,3.58,0.00,1.25,1.25,1.25,0.19,1.12,0.00,0,0.00,0,0,0.00,0.00,0.00,0.00,0.00,0.00,0.00,0.00,0.00,0.00,0.00,33,5.50,9,1,35.91,1.09,5.98,10.01,1.06,1.18,1.18,1.18,1.06,1.08,1.05,25,4.17,5,1,35.69,1.43,5.95,7.23,1.41,1.53,1.54,1.50,1.35,1.41,1.33,8.10,1.35,1.41,1.33,0,0.00,0.00,1.25,0.00,0,0.00,0.00,0.00,0.00,1,1.06,1.06,1.18,1.06,1,1.41,1.41,1.54,1.41,2.46,1.41
./examples/struct/list/list_append.prop,3,122,191.50,1.57,47.87,71.45,16.48,14.75,4,25,3.50,0,9,3.00,0,9,4.25,2,9,1.00,0,3,25,6.25,11,0,41.04,1.64,10.26,18.41,0.00,1.86,2.18,1.46,0.99,1.57,0.00,1,0.25,1,0,2.04,2.04,0.51,2.04,0.00,1.02,2.04,0.00,0.51,2.04,0.00,62,15.50,21,5,75.54,1.22,18.89,26.16,5.89,1.48,1.53,1.32,1.13,1.16,1.12,34,8.50,11,4,72.88,2.14,18.22,28.75,8.56,2.75,4.72,1.88,1.78,2.05,1.43,10.80,2.70,4.72,1.71,10,18.41,1.84,2.18,1.57,0,0.00,0.00,2.04,0.00,20,24.29,1.21,1.53,1.12,10,28.75,2.88,4.72,2.05,71.45,4.72
./examples/struct/list/list_snoc.prop,9,102,146.04,1.43,14.60,24.40,6.88,6.30,3,8,2.40,0,6,0.10,0,1,2.50,1,6,0.30,0,1,8,0.80,3,0,11.22,1.40,1.12,4.09,0.00,1.54,1.62,1.49,0.70,1.62,0.00,1,0.10,1,0,1.60,1.60,0.16,1.60,0.00,0.80,1.60,0.00,0.16,1.60,0.00,55,5.50,10,1,63.16,1.15,6.32,11.43,1.15,1.27,1.27,1.27,1.11,1.15,1.05,38,3.80,7,1,70.07,1.84,7.01,11.54,4.20,2.30,5.73,1.57,2.08,5.73,1.37,21.30,2.13,5.73,1.45,0,0.00,0.00,1.62,0.00,0,0.00,0.00,1.60,0.00,1,1.15,1.15,1.27,1.15,1,5.73,5.73,5.73,5.73,6.88,5.73
./examples/struct/list/list_deleteAll.prop,7,129,210.44,1.63,26.31,43.80,10.90,10.12,8,17,3.38,0,7,0.88,0,4,3.62,2,7,0.12,0,1,17,2.12,8,0,26.63,1.57,3.33,11.37,0.00,1.70,1.93,1.57,0.74,1.67,0.00,2,0.25,1,0,3.69,1.85,0.46,2.08,0.00,1.47,2.08,0.00,0.46,2.08,0.00,67,8.38,14,4,85.20,1.27,10.65,17.36,5.03,2.06,2.30,1.53,1.11,1.13,1.07,43,5.38,8,3,94.92,2.21,11.86,20.76,5.87,3.15,10.22,1.89,1.87,2.33,1.42,23.67,2.96,10.22,1.74,5,8.90,1.78,1.93,1.60,1,2.08,2.08,2.08,2.08,10,12.06,1.21,2.30,1.11,5,20.76,4.15,10.22,2.33,43.80,10.22
./examples/struct/list/list_delete.prop,16,179,292.41,1.63,17.20,42.47,8.07,11.12,8,12,2.94,0,5,0.06,0,1,3.00,1,5,0.06,0,1,12,0.71,8,0,18.96,1.58,1.12,11.48,0.00,1.94,2.02,1.58,0.51,2.02,0.00,1,0.06,1,0,1.62,1.62,0.10,1.62,0.00,1.53,1.62,0.00,0.10,1.62,0.00,97,5.71,16,1,114.06,1.18,6.71,18.88,1.14,1.33,1.35,1.25,1.13,1.16,1.06,69,4.06,7,1,157.76,2.29,9.28,14.03,4.50,2.91,11.27,1.95,2.58,11.27,1.40,45.30,2.66,11.27,1.83,0,0.00,0.00,2.02,0.00,0,0.00,0.00,1.62,0.00,1,1.14,1.14,1.35,1.14,1,11.27,11.27,11.27,11.27,12.42,11.27
./examples/struct/list/list_elem.prop,2,44,49.98,1.14,16.66,22.71,11.14,5.33,4,7,1.67,0,3,1.33,1,2,2.67,2,3,0.33,0,1,7,2.33,4,1,7.82,1.12,2.61,4.27,1.10,1.23,1.29,1.20,1.07,1.16,0.95,2,0.67,1,0,2.61,1.31,0.87,1.34,0.00,0.87,1.34,0.00,0.87,1.34,0.00,22,7.33,11,4,21.76,0.99,7.25,10.84,4.08,1.07,1.07,1.07,0.94,0.97,0.92,13,4.33,6,2,17.78,1.37,5.93,7.60,3.27,1.53,1.80,1.35,1.31,1.46,1.19,4.30,1.43,1.80,1.23,2,2.46,1.23,1.29,1.16,1,1.34,1.34,1.34,1.34,4,4.08,1.02,1.07,0.97,2,3.27,1.63,1.80,1.46,11.14,1.80
./examples/struct/list/list_drop.prop,3,117,168.36,1.44,42.09,85.67,22.58,11.00,5,23,4.00,0,6,3.00,0,12,5.25,5,6,0.75,0,1,23,5.75,14,2,34.08,1.48,8.52,21.84,2.90,1.57,1.90,1.38,1.35,1.41,1.20,0,0.00,0,0,0.00,0.00,0.00,0.00,0.00,0.00,0.00,0.00,0.00,0.00,0.00,60,15.00,27,9,67.61,1.13,16.90,30.66,10.05,1.24,1.24,1.24,1.05,1.06,1.04,34,8.50,13,6,66.66,1.96,16.67,33.17,9.63,2.78,5.94,1.62,1.55,1.72,1.43,10.85,2.71,5.94,1.46,14,21.84,1.56,1.90,1.38,0,0.00,0.00,0.00,0.00,27,30.66,1.14,1.24,1.04,13,33.17,2.55,5.94,1.72,85.67,5.94
./examples/struct/list/list_take.prop,3,61,78.64,1.29,19.66,34.01,13.63,6.50,5,9,3.00,0,5,0.50,0,2,3.75,3,5,0.50,0,2,9,2.25,5,0,11.49,1.28,2.87,6.18,0.00,1.36,1.41,1.31,0.94,1.37,0.00,0,0.00,0,0,0.00,0.00,0.00,0.00,0.00,0.00,0.00,0.00,0.00,0.00,0.00,32,8.00,14,5,35.70,1.12,8.92,15.65,5.71,1.23,1.26,1.22,1.06,1.08,1.04,20,5.00,8,3,31.45,1.57,7.86,12.18,5.39,1.77,1.94,1.71,1.48,1.63,1.34,6.27,1.57,1.82,1.40,2,2.53,1.27,1.41,1.22,0,0.00,0.00,0.00,0.00,5,5.71,1.14,1.26,1.06,3,5.39,1.80,1.94,1.63,13.63,1.82
./examples/struct/queue/queue_dequeue.prop,1,19,447.33,23.54,223.67,301.23,146.10,2.50,2,3,1.50,0,3,0.50,0,1,3.00,3,3,0.00,0,0,3,1.50,2,1,4.05,1.35,2.03,2.72,1.33,1.36,1.36,1.36,1.34,1.36,1.33,0,0.00,0,0,0.00,0.00,0.00,0.00,0.00,0.00,0.00,0.00,0.00,0.00,0.00,10,5.00,7,3,95.46,9.55,47.73,73.69,21.77,28.91,28.91,28.91,1.02,1.02,1.02,6,3.00,4,2,347.82,57.97,173.91,278.13,69.69,146.74,249.56,43.93,15.62,28.57,2.68,293.49,146.74,249.56,43.93,1,1.33,1.33,1.36,1.33,0,0.00,0.00,0.00,0.00,3,21.77,7.26,28.91,1.02,2,278.13,139.06,249.56,28.57,301.23,249.56
./examples/struct/queue/queue_empty.prop,1,12,23.53,1.96,11.77,14.03,9.50,1.00,1,1,0.50,0,1,0.50,0,1,1.00,1,1,0.00,0,0,1,0.50,1,0,1.06,1.06,0.53,1.06,0.00,1.06,1.06,1.06,0.53,1.06,0.00,1,0.50,1,0,1.18,1.18,0.59,1.18,0.00,0.59,1.18,0.00,0.59,1.18,0.00,6,3.00,5,1,6.23,1.04,3.12,5.23,1.00,1.15,1.15,1.15,0.99,1.00,0.97,4,2.00,3,1,15.06,3.77,7.53,7.74,7.32,5.62,7.32,3.91,4.59,7.32,1.86,11.24,5.62,7.32,3.91,0,0.00,0.00,1.06,0.00,1,1.18,1.18,1.18,1.18,1,1.00,1.00,1.15,1.00,1,7.32,7.32,7.32,7.32,9.50,7.32
./examples/struct/queue/queue_enqueue.prop,1,19,438.18,23.06,219.09,314.13,124.05,2.50,2,3,1.50,0,3,0.50,0,1,3.00,3,3,0.00,0,0,3,1.50,2,1,4.07,1.36,2.03,2.76,1.31,1.38,1.38,1.38,1.34,1.38,1.31,0,0.00,0,0,0.00,0.00,0.00,0.00,0.00,0.00,0.00,0.00,0.00,0.00,0.00,10,5.00,7,3,98.11,9.81,49.06,81.47,16.64,22.66,22.66,22.66,1.03,1.03,1.03,6,3.00,4,2,336.00,56.00,168.00,296.18,39.82,153.73,278.97,28.49,9.94,17.20,2.68,307.47,153.73,278.97,28.49,1,1.31,1.31,1.38,1.31,0,0.00,0.00,0.00,0.00,3,16.64,5.55,22.66,1.03,2,296.18,148.09,278.97,17.20,314.13,278.97
./examples/struct/stack/stack_pop.prop,1,23,29.45,1.28,14.72,16.75,12.70,2.00,1,3,2.00,0,4,1.00,0,2,4.00,4,4,0.00,0,0,3,1.50,2,1,3.63,1.21,1.81,2.32,1.31,1.31,1.31,1.31,1.22,1.31,1.14,0,0.00,0,0,0.00,0.00,0.00,0.00,0.00,0.00,0.00,0.00,0.00,0.00,0.00,12,6.00,7,5,13.87,1.16,6.93,8.01,5.86,1.24,1.28,1.20,1.11,1.12,1.10,8,4.00,5,3,11.95,1.49,5.98,7.44,4.51,1.56,1.56,1.56,1.43,1.47,1.39,2.86,1.43,1.47,1.39,2,2.32,1.16,1.31,1.14,0,0.00,0.00,0.00,0.00,5,5.86,1.17,1.28,1.10,3,4.51,1.50,1.56,1.47,12.70,1.47
./examples/struct/stack/stack_empty.prop,1,12,12.82,1.07,6.41,9.55,3.27,1.00,1,1,0.50,0,1,0.50,0,1,1.00,1,1,0.00,0,0,1,0.50,1,0,0.99,0.99,0.50,0.99,0.00,0.99,0.99,0.99,0.50,0.99,0.00,1,0.50,1,0,1.12,1.12,0.56,1.12,0.00,0.56,1.12,0.00,0.56,1.12,0.00,6,3.00,5,1,5.88,0.98,2.94,4.89,0.99,1.09,1.09,1.09,0.96,0.99,0.93,4,2.00,3,1,4.83,1.21,2.41,3.67,1.15,1.25,1.25,1.25,1.16,1.17,1.15,2.33,1.16,1.17,1.15,0,0.00,0.00,0.99,0.00,1,1.12,1.12,1.12,1.12,1,0.99,0.99,1.09,0.99,1,1.15,1.15,1.25,1.15,3.27,1.15
./examples/struct/stack/stack_push.prop,1,21,26.61,1.27,13.31,19.00,7.62,2.50,2,3,1.50,0,3,0.50,0,1,3.00,3,3,1.00,1,1,3,1.50,2,1,3.64,1.21,1.82,2.45,1.19,1.28,1.28,1.28,1.18,1.19,1.17,0,0.00,0,0,0.00,0.00,0.00,0.00,0.00,0.00,0.00,0.00,0.00,0.00,0.00,11,5.50,8,3,12.62,1.15,6.31,9.22,3.40,1.24,1.24,1.23,1.10,1.12,1.08,7,3.50,5,2,10.36,1.48,5.18,7.33,3.03,1.53,1.54,1.52,1.43,1.50,1.36,3.02,1.51,1.54,1.48,1,1.19,1.19,1.28,1.19,0,0.00,0.00,0.00,0.00,3,3.40,1.13,1.24,1.08,2,3.03,1.52,1.54,1.50,7.62,1.54
./examples/struct/stack/stack_push_pop.prop,8,175,296.22,1.69,32.91,47.32,13.95,13.00,4,24,3.78,0,7,1.44,0,5,3.89,1,7,0.11,0,1,24,2.67,5,0,39.60,1.65,4.40,9.34,0.00,1.74,2.03,1.41,1.21,1.79,0.00,5,0.56,1,0,10.19,2.04,1.13,2.38,0.00,1.56,2.38,0.00,1.13,2.38,0.00,89,9.89,13,4,119.03,1.34,13.23,17.19,5.28,1.48,1.52,1.44,1.26,1.29,1.21,57,6.33,8,3,127.40,2.24,14.16,20.42,6.60,2.68,5.95,1.94,2.05,2.53,1.55,22.55,2.51,5.95,1.83,5,9.34,1.87,2.03,1.79,1,2.38,2.38,2.38,2.38,11,15.18,1.38,1.52,1.29,6,20.42,3.40,5.95,2.53,47.32,5.95
./examples/struct/BST/bst_find.prop,2,48,61.52,1.28,20.51,25.27,15.50,6.00,4,8,2.00,0,3,1.67,1,2,3.00,3,3,0.00,0,0,8,2.67,4,2,10.20,1.28,3.40,5.06,2.52,1.38,1.38,1.38,1.22,1.26,1.15,2,0.67,1,0,2.80,1.40,0.93,1.41,0.00,0.93,1.41,0.00,0.93,1.41,0.00,24,8.00,11,5,26.86,1.12,8.95,11.86,5.74,1.32,1.42,1.21,0.98,1.10,0.90,14,4.67,6,3,21.67,1.55,7.22,8.36,5.84,1.84,2.51,1.46,1.45,1.64,1.29,5.27,1.76,2.51,1.35,2,2.52,1.26,1.38,1.26,1,1.41,1.41,1.41,1.41,5,5.74,1.15,1.42,0.95,3,5.84,1.95,2.51,1.64,15.50,2.51
./examples/struct/BST/bst_delete.prop,15,190,1542.87,8.12,96.43,176.54,10.92,8.12,2,10,3.62,0,6,0.06,0,1,3.94,2,6,0.12,0,1,10,0.62,3,0,14.28,1.43,0.89,4.61,0.00,1.56,1.59,1.38,0.43,1.44,0.00,1,0.06,1,0,1.83,1.83,0.11,1.83,0.00,0.23,1.83,0.00,0.11,1.83,0.00,102,6.38,10,1,1370.01,13.43,85.63,166.54,1.11,102.31,134.72,22.82,1.17,2.87,0.99,77,4.81,7,1,156.74,2.04,9.80,13.40,6.77,3.13,9.81,2.17,2.24,9.81,1.42,43.26,2.70,9.81,1.91,0,0.00,0.00,1.59,0.00,0,0.00,0.00,1.83,0.00,1,1.11,1.11,134.72,1.11,1,9.81,9.81,9.81,9.81,10.92,9.81
./examples/struct/BST/bst_insert.prop,16,177,461.64,2.61,27.16,48.35,7.61,6.18,4,8,3.00,0,7,0.06,0,1,3.06,1,7,0.18,0,2,8,0.47,4,0,10.42,1.30,0.61,5.07,0.00,1.39,1.45,1.31,0.30,1.43,0.00,1,0.06,1,0,1.33,1.33,0.08,1.33,0.00,0.86,1.33,0.00,0.08,1.33,0.00,96,5.65,11,1,309.02,3.22,18.18,33.75,0.99,5.19,6.37,1.91,0.98,1.02,0.93,72,4.24,8,1,140.86,1.96,8.29,15.05,4.18,3.54,6.62,1.62,1.97,6.62,1.36,40.93,2.41,6.62,1.49,0,0.00,0.00,1.45,0.00,0,0.00,0.00,1.33,0.00,1,0.99,0.99,6.37,0.99,1,6.62,6.62,6.62,6.62,7.61,6.62
./examples/struct/BST/bst_empty.prop,1,11,10.79,0.98,5.39,8.81,1.98,1.00,1,1,0.50,0,1,0.00,0,0,1.00,1,1,1.00,1,1,1,0.50,1,0,1.02,1.02,0.51,1.02,0.00,1.02,1.02,1.02,0.51,1.02,0.00,0,0.00,0,0,0.00,0.00,0.00,0.00,0.00,0.00,0.00,0.00,0.00,0.00,0.00,6,3.00,5,1,5.25,0.88,2.63,4.39,0.86,0.90,0.90,0.90,0.86,0.86,0.86,4,2.00,3,1,4.52,1.13,2.26,3.40,1.11,1.17,1.17,1.17,1.11,1.11,1.11,2.23,1.11,1.11,1.11,0,0.00,0.00,1.02,0.00,0,0.00,0.00,0.00,0.00,1,0.86,0.86,0.90,0.86,1,1.11,1.11,1.17,1.11,1.98,1.11
./examples/struct/BST/bst_find2.prop,4,62,694.45,11.20,138.89,264.91,69.21,5.60,2,8,2.00,0,3,1.00,0,2,2.20,1,3,0.00,0,0,8,1.60,4,0,10.66,1.33,2.13,5.41,0.00,1.42,1.43,1.39,0.75,1.32,0.00,2,0.40,1,0,2.98,1.49,0.60,1.52,0.00,1.20,1.52,0.00,0.60,1.52,0.00,32,6.40,11,3,619.77,19.37,123.95,242.60,50.80,41.95,43.87,36.73,6.16,14.22,0.95,20,4.00,6,2,61.04,3.05,12.21,15.76,7.60,5.50,9.59,4.15,2.15,2.77,1.74,26.13,5.23,9.59,3.24,2,2.65,1.33,1.43,1.32,0,0.00,0.00,1.52,0.00,5,50.80,10.16,43.87,1.00,3,15.76,5.25,9.59,2.77,69.21,9.59
./examples/struct/BST/bst_empty2.prop,1,12,13.53,1.13,6.77,10.10,3.43,1.00,1,1,0.50,0,1,0.50,0,1,1.00,1,1,0.00,0,0,1,0.50,1,0,1.02,1.02,0.51,1.02,0.00,1.02,1.02,1.02,0.51,1.02,0.00,1,0.50,1,0,1.19,1.19,0.60,1.19,0.00,0.60,1.19,0.00,0.60,1.19,0.00,6,3.00,5,1,5.82,0.97,2.91,4.85,0.96,1.08,1.08,1.08,0.95,0.96,0.93,4,2.00,3,1,5.50,1.38,2.75,4.23,1.27,1.49,1.49,1.49,1.30,1.33,1.27,2.60,1.30,1.33,1.27,0,0.00,0.00,1.02,0.00,1,1.19,1.19,1.19,1.19,1,0.96,0.96,1.08,0.96,1,1.27,1.27,1.49,1.27,3.43,1.27