./examples/sygus/diff2.prop,5,210,240.93,1.15,40.16,95.97,12.60,52.83,34,61,1.00,0,2,0.67,0,2,0.00,0,0,0.00,0,0,66,11.00,35,2,86.23,1.31,14.37,39.83,2.90,1.64,1.85,1.46,1.34,1.71,0.90,2,0.33,1,0,3.00,1.50,0.50,1.58,0.00,0.50,1.58,0.00,0.50,1.58,0.00,104,17.33,49,5,81.97,0.79,13.66,38.76,3.83,0.83,0.93,0.78,0.76,0.76,0.75,38,6.33,14,3,69.73,1.83,11.62,17.39,5.26,3.55,12.55,1.46,1.57,2.04,0.97,20.52,3.42,12.55,1.32,2,2.90,1.45,1.47,1.43,0,0.00,0.00,0.00,0.00,5,3.87,0.77,0.79,0.76,3,16.70,5.57,12.55,2.04,23.47,12.55
./examples/sygus/max3.prop,5,125,132.39,1.06,22.06,28.77,16.12,9.67,4,13,4.50,0,8,0.83,0,2,0.00,0,0,0.00,0,0,19,3.17,6,1,19.08,1.00,3.18,6.07,0.97,1.09,1.14,0.97,0.98,1.14,0.91,4,0.67,2,0,4.15,1.04,0.69,2.07,0.00,0.52,1.09,0.00,0.52,1.09,0.00,60,10.00,14,3,45.48,0.76,7.58,10.66,2.28,0.79,0.85,0.77,0.74,0.75,0.74,42,7.00,11,2,63.68,1.52,10.61,19.26,6.52,3.97,18.06,1.05,1.07,1.20,0.94,23.66,3.94,18.06,1.05,1,0.97,0.97,0.97,0.97,0,0.00,0.00,0.00,0.00,3,2.28,0.76,0.77,0.75,2,19.26,9.63,18.06,1.20,22.51,18.06
./examples/sygus/max2.prop,3,46,40.41,0.88,10.10,17.02,2.68,3.00,3,3,2.50,0,4,0.00,0,0,0.00,0,0,0.00,0,0,6,1.50,4,0,5.66,0.94,1.42,3.75,0.00,0.72,0.97,0.00,0.70,0.97,0.00,0,0.00,0,0,0.00,0.00,0.00,0.00,0.00,0.00,0.00,0.00,0.00,0.00,0.00,23,5.75,10,1,17.02,0.74,4.25,7.46,0.73,0.75,0.76,0.73,0.73,0.73,0.73,17,4.25,6,1,17.73,1.04,4.43,5.81,1.95,1.28,1.95,1.01,1.19,1.95,0.91,4.90,1.22,1.95,0.94,0,0.00,0.00,0.00,0.00,0,0.00,0.00,0.00,0.00,1,0.73,0.73,0.73,0.73,1,1.95,1.95,1.95,1.95,2.68,1.95
./examples/sygus/array_search_3.prop,8,344,807.61,2.35,89.73,563.76,22.10,33.11,14,75,4.33,0,7,3.22,0,24,0.00,0,0,0.00,0,0,85,9.44,40,2,125.62,1.48,13.96,64.23,3.00,1.78,2.59,1.36,1.27,1.60,1.07,6,0.67,3,0,8.66,1.44,0.96,4.05,0.00,0.66,1.61,0.00,0.66,1.61,0.00,168,18.67,65,9,129.40,0.77,14.38,50.38,6.85,0.80,0.82,0.78,0.74,0.75,0.74,85,9.44,25,6,543.93,6.40,60.44,449.15,8.43,34.85,300.01,1.41,1.51,1.78,1.12,313.41,34.82,300.01,1.38,40,64.23,1.61,2.59,1.20,0,0.00,0.00,0.00,0.00,65,50.38,0.78,0.81,0.74,25,449.15,17.97,300.01,1.78,563.76,300.01
./examples/sygus/array_search_2.prop,5,112,132.78,1.19,22.13,37.85,3.14,10.83,8,13,3.17,0,6,0.67,0,3,0.00,0,0,0.00,0,0,19,3.17,9,0,25.49,1.34,4.25,11.54,0.00,1.22,1.54,0.00,1.10,1.47,0.00,3,0.50,2,0,4.19,1.40,0.70,2.82,0.00,0.47,1.44,0.00,0.46,1.38,0.00,54,9.00,17,1,49.97,0.93,8.33,15.60,0.96,0.98,1.04,0.95,0.88,0.96,0.84,36,6.00,9,1,53.14,1.48,8.86,13.28,2.18,1.64,2.18,1.40,1.51,2.18,1.25,9.43,1.57,2.18,1.40,0,0.00,0.00,0.00,0.00,0,0.00,0.00,0.00,0.00,1,0.96,0.96,0.96,0.96,1,2.18,2.18,2.18,2.18,3.14,2.18
./examples/sygus/diff1.prop,3,167,517.37,3.10,129.34,392.34,32.00,16.25,6,33,6.00,0,9,4.00,0,14,0.00,0,0,0.00,0,0,36,9.00,19,3,50.32,1.40,12.58,27.47,4.26,1.57,1.74,1.38,1.25,1.29,1.14,1,0.25,1,0,1.27,1.27,0.32,1.27,0.00,0.32,1.27,0.00,0.32,1.27,0.00,83,20.75,34,12,80.49,0.97,20.12,34.13,11.57,1.04,1.17,0.99,0.88,0.90,0.87,47,11.75,15,9,385.29,8.20,96.32,330.73,15.95,77.18,300.01,2.01,1.41,1.54,1.18,308.31,77.08,300.01,1.85,19,27.47,1.45,1.74,1.28,0,0.00,0.00,0.00,0.00,34,34.13,1.00,1.17,0.90,15,330.73,22.05,300.01,1.54,392.34,300.01
./examples/others/abs_normal.prop,3,93,134.34,1.44,33.59,51.91,8.99,6.00,5,7,6.75,0,11,0.50,0,1,0.00,0,0,0.00,0,0,10,2.50,6,1,15.82,1.58,3.96,9.31,1.43,1.68,1.86,1.43,1.56,1.86,1.38,1,0.25,1,0,1.65,1.65,0.41,1.65,0.00,0.41,1.65,0.00,0.41,1.65,0.00,46,11.50,18,3,54.34,1.18,13.59,21.75,3.54,1.24,1.33,1.20,1.12,1.14,1.11,36,9.00,13,2,62.53,1.74,15.63,22.47,4.02,1.94,2.19,1.78,1.63,1.83,1.46,7.58,1.90,2.19,1.68,1,1.43,1.43,1.43,1.43,0,0.00,0.00,0.00,0.00,3,3.54,1.18,1.20,1.14,2,4.02,2.01,2.19,1.83,8.99,2.19
./examples/others/abs_simple.prop,2,43,60.56,1.41,20.19,36.50,3.13,3.00,3,3,3.67,0,6,0.33,0,1,0.00,0,0,0.00,0,0,5,1.67,4,0,7.92,1.58,2.64,6.23,0.00,1.12,1.68,0.00,1.07,1.68,0.00,1,0.33,1,0,1.53,1.53,0.51,1.53,0.00,0.51,1.53,0.00,0.51,1.53,0.00,21,7.00,13,1,24.90,1.19,8.30,15.63,1.15,1.21,1.27,1.15,1.14,1.15,1.13,16,5.33,9,1,26.21,1.64,8.74,14.64,1.98,1.80,1.98,1.70,1.68,1.98,1.52,5.10,1.70,1.98,1.54,0,0.00,0.00,0.00,0.00,0,0.00,0.00,0.00,0.00,1,1.15,1.15,1.15,1.15,1,1.98,1.98,1.98,1.98,3.13,1.98
./examples/others/sum_nonlinear_simple.prop,4,55,78.53,1.43,15.71,28.15,3.18,4.00,4,4,2.00,0,3,0.20,0,1,0.00,0,0,0.00,0,0,8,1.60,5,0,12.66,1.58,2.53,7.67,0.00,1.32,1.71,0.00,1.29,1.71,0.00,1,0.20,1,0,1.56,1.56,0.31,1.56,0.00,0.31,1.56,0.00,0.31,1.56,0.00,27,5.40,10,1,32.91,1.22,6.58,12.25,1.34,1.28,1.34,1.25,1.18,1.34,1.12,19,3.80,5,1,31.39,1.65,6.28,8.46,1.84,1.77,1.85,1.67,1.60,1.84,1.45,8.47,1.69,1.84,1.54,0,0.00,0.00,0.00,0.00,0,0.00,0.00,0.00,0.00,1,1.34,1.34,1.34,1.34,1,1.84,1.84,1.84,1.84,3.18,1.84
./examples/others/sum_nonlinear_normal.prop,3,123,398.62,3.24,99.65,163.47,75.21,9.75,5,15,7.75,0,12,1.50,0,5,0.00,0,0,0.00,0,0,18,4.50,6,2,30.13,1.67,7.53,10.08,3.85,1.88,2.16,1.43,1.56,1.81,1.23,1,0.25,1,0,1.57,1.57,0.39,1.57,0.00,0.39,1.57,0.00,0.39,1.57,0.00,61,15.25,19,11,91.04,1.49,22.76,33.01,12.58,1.84,2.17,1.54,1.12,1.20,0.94,43,10.75,14,6,275.88,6.42,68.97,120.82,41.01,18.19,33.64,6.65,3.43,5.21,2.52,68.23,17.06,33.64,4.52,5,6.56,1.31,1.43,1.23,0,0.00,0.00,0.00,0.00,11,12.58,1.14,1.54,0.94,6,56.56,9.43,23.96,5.21,75.71,23.96
./examples/others/sum_linear.prop,3,147,181.92,1.24,45.48,88.34,7.46,7.50,6,9,13.00,0,30,0.50,0,1,0.00,0,0,0.00,0,0,12,3.00,7,1,15.60,1.30,3.90,8.62,1.16,1.48,1.85,1.16,1.21,1.43,1.09,1,0.25,1,0,1.20,1.20,0.30,1.20,0.00,0.30,1.20,0.00,0.30,1.20,0.00,73,18.25,33,3,69.26,0.95,17.32,31.54,2.89,1.03,1.11,0.97,0.90,0.95,0.88,61,15.25,31,2,95.86,1.57,23.97,52.32,3.41,1.84,2.24,1.47,1.30,1.57,1.17,7.29,1.82,2.24,1.42,1,1.16,1.16,1.16,1.16,0,0.00,0.00,0.00,0.00,3,2.89,0.96,0.97,0.95,2,3.41,1.71,1.84,1.57,7.46,1.84
./examples/struct/tree/tree_empty.prop,1,15,23.18,1.55,11.59,18.52,4.66,1.00,1,1,0.50,0,1,0.50,0,1,0.00,0,0,0.00,0,0,2,1.00,2,0,2.84,1.42,1.42,2.84,0.00,0.73,1.45,0.00,0.69,1.39,0.00,1,0.50,1,0,1.53,1.53,0.77,1.53,0.00,0.77,1.53,0.00,0.77,1.53,0.00,7,3.50,6,1,10.17,1.45,5.08,8.71,1.46,1.51,1.55,1.46,1.39,1.46,1.32,5,2.50,4,1,8.65,1.73,4.32,6.97,1.67,1.82,1.96,1.67,1.66,1.67,1.64,3.31,1.66,1.67,1.64,0,0.00,0.00,0.00,0.00,1,1.53,1.53,1.53,1.53,1,1.46,1.46,1.46,1.46,1,1.67,1.67,1.67,1.67,4.66,1.67
./examples/struct/tree/tree_branch_rootval.prop,5,176,450.37,2.56,75.06,107.04,57.76,17.33,4,29,5.17,0,8,1.00,0,4,0.00,0,0,0.00,0,0,35,5.83,10,3,89.10,2.55,14.85,25.95,8.54,3.05,3.83,2.24,2.16,2.67,1.69,3,0.50,2,0,6.71,2.24,1.12,4.11,0.00,0.79,2.60,0.00,0.77,2.60,0.00,86,14.33,19,9,171.61,2.00,28.60,38.19,17.46,2.25,2.36,2.18,1.73,1.78,1.70,52,8.67,11,5,182.95,3.52,30.49,42.90,19.80,4.31,8.68,2.68,3.08,4.12,2.21,24.63,4.10,8.68,2.54,4,11.79,2.95,3.39,2.58,0,0.00,0.00,0.00,0.00,9,17.46,1.94,2.22,1.73,5,28.50,5.70,8.68,4.12,57.76,8.68
./examples/struct/tree/tree_branch_left.prop,8,235,624.35,2.66,69.37,115.90,29.10,16.22,4,32,4.44,0,6,1.00,0,4,0.00,0,0,0.00,0,0,40,4.44,11,1,101.85,2.55,11.32,29.48,1.91,2.84,3.85,1.91,2.21,2.91,1.51,3,0.33,1,0,8.50,2.83,0.94,3.80,0.00,0.94,3.80,0.00,0.94,3.80,0.00,116,12.89,22,6,246.61,2.13,27.40,47.52,12.14,2.35,2.53,2.00,1.84,2.01,1.77,76,8.44,11,5,267.38,3.52,29.71,41.05,12.69,4.90,16.67,2.68,3.12,4.97,2.18,41.82,4.65,16.67,2.34,4,12.63,3.16,3.29,2.89,0,0.00,0.00,0.00,0.00,9,18.86,2.10,2.45,1.86,5,39.13,7.83,16.67,4.97,70.61,16.67
./examples/struct/tree/tree_elem.prop,2,53,98.22,1.85,32.74,61.31,11.83,9.33,9,10,1.33,0,3,1.00,0,2,0.00,0,0,0.00,0,0,12,4.00,10,1,22.27,1.86,7.42,18.45,1.78,1.99,2.14,1.78,1.83,2.05,1.66,1,0.33,1,0,2.05,2.05,0.68,2.05,0.00,0.68,2.05,0.00,0.68,2.05,0.00,26,8.67,17,3,43.05,1.66,14.35,28.25,4.85,1.77,1.85,1.72,1.50,1.58,1.46,14,4.67,7,2,30.85,2.20,10.28,14.61,5.20,2.50,2.78,2.35,2.09,2.42,1.84,7.08,2.36,2.78,2.14,1,1.78,1.78,1.78,1.78,0,0.00,0.00,0.00,0.00,3,4.85,1.62,1.74,1.47,2,5.20,2.60,2.78,2.42,11.83,2.78
./examples/struct/tree/tree_branch_right.prop,8,232,632.16,2.72,70.24,118.99,29.32,15.33,4,30,5.00,0,8,0.67,0,3,0.00,0,0,0.00,0,0,38,4.22,8,1,96.15,2.53,10.68,23.94,2.55,2.83,3.54,2.01,2.23,2.72,1.61,2,0.22,1,0,4.33,2.17,0.48,2.37,0.00,0.48,2.37,0.00,0.48,2.37,0.00,115,12.78,21,6,247.11,2.15,27.46,44.50,13.17,2.36,2.43,2.30,1.88,1.99,1.75,77,8.56,13,4,284.57,3.70,31.62,50.54,10.17,4.83,15.26,2.73,3.03,4.22,2.22,39.73,4.41,13.91,2.45,3,8.84,2.95,3.29,2.59,0,0.00,0.00,0.00,0.00,7,14.01,2.00,2.35,1.75,4,42.46,10.61,15.26,4.22,65.31,13.91
./examples/struct/list/list_ith.prop,4,111,189.55,1.71,37.91,66.05,12.52,9.40,2,18,3.00,0,6,2.20,0,8,0.00,0,0,0.00,0,0,22,4.40,9,1,41.15,1.87,8.23,17.46,1.99,2.00,2.24,1.69,1.83,2.11,1.61,1,0.20,1,0,2.31,2.31,0.46,2.31,0.00,0.46,2.31,0.00,0.46,2.31,0.00,55,11.00,18,3,73.08,1.33,14.62,24.37,4.04,1.41,1.49,1.35,1.25,1.34,1.21,33,6.60,9,2,73.02,2.21,14.60,24.21,4.18,2.50,3.97,1.97,1.99,2.26,1.74,12.07,2.41,3.97,1.83,9,17.46,1.94,2.24,1.72,0,0.00,0.00,0.00,0.00,18,24.37,1.35,1.49,1.21,9,24.21,2.69,3.97,2.26,66.05,3.97
./examples/struct/list/list_min.prop,2,35,54.97,1.57,18.32,37.66,3.51,3.00,3,3,2.00,0,4,0.67,0,2,0.00,0,0,0.00,0,0,5,1.67,4,0,8.11,1.62,2.70,6.48,0.00,1.11,1.70,0.00,1.05,1.62,0.00,1,0.33,1,0,1.64,1.64,0.55,1.64,0.00,0.55,1.64,0.00,0.55,1.64,0.00,17,5.67,12,1,22.95,1.35,7.65,16.47,1.28,1.40,1.60,1.28,1.27,1.28,1.27,12,4.00,8,1,22.27,1.86,7.42,14.71,2.23,2.03,2.23,1.90,1.88,2.23,1.69,5.63,1.88,2.23,1.69,0,0.00,0.00,0.00,0.00,0,0.00,0.00,0.00,0.00,1,1.28,1.28,1.28,1.28,1,2.23,2.23,2.23,2.23,3.51,2.23
./examples/struct/list/list_stutter_quantified.prop,7,106,208.41,1.97,26.05,44.59,8.68,6.12,5,7,2.75,0,5,0.00,0,0,0.00,0,0,0.00,0,0,14,1.75,6,0,28.44,2.03,3.55,11.60,0.00,1.96,2.42,0.00,1.76,2.42,0.00,0,0.00,0,0,0.00,0.00,0.00,0.00,0.00,0.00,0.00,0.00,0.00,0.00,0.00,53,6.62,12,1,82.85,1.56,10.36,19.04,1.62,1.67,1.93,1.52,1.49,1.62,1.40,39,4.88,7,1,97.12,2.49,12.14,16.78,7.06,3.13,7.06,2.28,2.84,7.06,1.96,24.18,3.02,7.06,2.20,0,0.00,0.00,0.00,0.00,0,0.00,0.00,0.00,0.00,1,1.62,1.62,1.62,1.62,1,7.06,7.06,7.06,7.06,8.68,7.06
./examples/struct/list/list_reverse.prop,2,42,72.03,1.71,24.01,28.01,16.40,2.67,2,4,2.67,0,5,0.67,0,2,0.00,0,0,0.00,0,0,6,2.00,3,1,10.08,1.68,3.36,5.28,1.77,1.70,1.80,1.54,1.65,1.77,1.49,0,0.00,0,0,0.00,0.00,0.00,0.00,0.00,0.00,0.00,0.00,0.00,0.00,0.00,21,7.00,8,5,32.77,1.56,10.92,12.83,7.51,1.70,1.80,1.65,1.43,1.45,1.42,15,5.00,7,3,29.18,1.95,9.73,13.81,5.87,2.06,2.11,2.01,1.85,1.91,1.79,5.65,1.88,2.01,1.79,2,3.03,1.51,1.54,1.49,0,0.00,0.00,0.00,0.00,5,7.51,1.50,1.65,1.42,3,5.87,1.96,2.01,1.91,16.40,2.01
./examples/struct/list/list_reverse_twice.prop,9,141,399.49,2.83,39.95,61.86,10.26,7.40,2,11,2.60,0,5,0.40,0,2,0.00,0,0,0.00,0,0,20,2.00,4,0,39.46,1.97,3.95,7.18,0.00,1.97,2.52,0.00,1.68,2.31,0.00,3,0.30,1,0,6.11,2.04,0.61,2.36,0.00,0.61,2.36,0.00,0.61,2.36,0.00,69,6.90,13,1,226.68,3.29,22.67,38.68,1.59,4.18,5.82,1.59,1.94,4.75,1.57,49,4.90,9,1,127.24,2.60,12.72,20.42,4.89,3.45,8.67,2.17,2.91,8.67,1.88,30.16,3.02,8.67,1.94,0,0.00,0.00,0.00,0.00,0,0.00,0.00,0.00,0.00,1,1.59,1.59,1.59,1.59,1,8.67,8.67,8.67,8.67,10.26,8.67
./examples/struct/list/list_find.prop,4,112,186.97,1.67,37.39,51.08,27.55,11.80,5,17,3.00,0,5,1.20,0,4,0.00,0,0,0.00,0,0,22,4.40,8,1,38.72,1.76,7.74,13.99,1.99,1.92,1.99,1.85,1.67,1.99,1.54,3,0.60,2,0,5.54,1.85,1.11,3.66,0.00,0.75,1.88,0.00,0.74,1.88,0.00,54,10.80,14,8,72.68,1.35,14.54,19.39,10.54,1.47,1.53,1.39,1.22,1.27,1.19,33,6.60,8,5,70.04,2.12,14.01,15.02,12.38,2.69,4.88,1.92,1.92,2.16,1.63,12.56,2.51,4.88,1.77,4,7.13,1.78,1.90,1.64,0,0.00,0.00,0.00,0.00,9,12.36,1.37,1.53,1.24,5,14.07,2.81,4.88,2.16,33.57,4.88
./examples/struct/list/list_replicate.prop,3,53,82.73,1.56,20.68,43.31,3.08,3.00,3,3,3.25,0,7,0.25,0,1,0.00,0,0,0.00,0,0,6,1.50,4,0,10.05,1.67,2.51,6.54,0.00,1.33,1.81,0.00,1.26,1.77,0.00,1,0.25,1,0,1.70,1.70,0.42,1.70,0.00,0.42,1.70,0.00,0.42,1.70,0.00,26,6.50,14,1,34.24,1.32,8.56,18.38,1.28,1.36,1.41,1.28,1.26,1.30,1.16,20,5.00,10,1,36.75,1.84,9.19,18.38,1.80,1.90,1.94,1.80,1.73,1.80,1.63,7.13,1.78,1.81,1.76,0,0.00,0.00,0.00,0.00,0,0.00,0.00,0.00,0.00,1,1.28,1.28,1.28,1.28,1,1.80,1.80,1.80,1.80,3.08,1.80
./examples/struct/list/list_stutter_mult.prop,1,22,36.34,1.65,18.17,26.63,9.70,2.50,2,3,1.50,0,3,0.50,0,1,0.00,0,0,0.00,0,0,4,2.00,3,1,6.69,1.67,3.34,5.14,1.55,1.72,1.89,1.55,1.55,1.55,1.55,0,0.00,0,0,0.00,0.00,0.00,0.00,0.00,0.00,0.00,0.00,0.00,0.00,0.00,11,5.50,8,3,16.50,1.50,8.25,11.98,4.52,1.59,1.60,1.59,1.38,1.41,1.35,7,3.50,5,2,13.15,1.88,6.57,9.51,3.63,1.99,2.03,1.95,1.71,1.74,1.69,3.72,1.86,2.03,1.69,1,1.55,1.55,1.55,1.55,0,0.00,0.00,0.00,0.00,3,4.52,1.51,1.59,1.35,2,3.63,1.82,1.95,1.69,9.70,1.69
./examples/struct/list/list_stutter.prop,4,67,113.56,1.69,22.71,40.46,3.40,3.00,3,3,3.00,0,4,0.40,0,2,0.00,0,0,0.00,0,0,7,1.40,4,0,12.18,1.74,2.44,6.90,0.00,1.43,1.88,0.00,1.37,1.77,0.00,1,0.20,1,0,1.70,1.70,0.34,1.70,0.00,0.34,1.70,0.00,0.34,1.70,0.00,33,6.60,12,1,49.31,1.49,9.86,18.19,1.47,1.57,1.78,1.47,1.44,1.47,1.39,26,5.20,8,1,50.37,1.94,10.07,15.36,1.93,2.05,2.15,1.93,1.84,1.93,1.74,9.38,1.88,1.95,1.74,0,0.00,0.00,0.00,0.00,0,0.00,0.00,0.00,0.00,1,1.47,1.47,1.47,1.47,1,1.93,1.93,1.93,1.93,3.40,1.93
./examples/struct/list/list_append.prop,3,136,298.81,2.20,74.70,120.96,56.66,13.25,5,25,4.00,0,6,3.50,0,11,0.00,0,0,0.00,0,0,30,7.50,12,5,66.60,2.22,16.65,29.48,11.30,2.52,2.78,2.21,1.82,2.05,1.56,4,1.00,2,0,9.03,2.26,2.26,4.80,0.00,1.17,2.53,0.00,1.09,2.27,0.00,65,16.25,24,12,106.33,1.64,26.58,38.86,19.40,1.79,1.83,1.76,1.52,1.56,1.46,37,9.25,12,8,116.86,3.16,29.21,52.62,20.47,4.28,8.51,2.50,2.45,2.86,2.03,16.93,4.23,8.51,2.40,12,29.48,2.46,2.78,2.05,0,0.00,0.00,0.00,0.00,24,38.86,1.62,1.80,1.46,12,52.62,4.38,8.51,2.86,120.96,8.51
./examples/struct/list/list_snoc.prop,7,107,212.17,1.98,26.52,38.75,8.31,6.88,3,9,2.62,0,4,0.12,0,1,0.00,0,0,0.00,0,0,16,2.00,4,0,33.28,2.08,4.16,7.23,0.00,1.99,2.65,0.00,1.83,2.65,0.00,1,0.12,1,0,1.96,1.96,0.24,1.96,0.00,0.24,1.96,0.00,0.24,1.96,0.00,53,6.62,11,1,83.10,1.57,10.39,17.19,1.50,1.68,1.79,1.50,1.48,1.55,1.41,37,4.62,7,1,93.83,2.54,11.73,16.56,6.54,3.09,6.81,2.19,2.83,6.81,1.90,23.79,2.97,6.81,2.01,0,0.00,0.00,0.00,0.00,0,0.00,0.00,0.00,0.00,1,1.50,1.50,1.50,1.50,1,6.81,6.81,6.81,6.81,8.31,6.81
./examples/struct/list/list_deleteAll.prop,11,200,456.98,2.28,38.08,53.82,25.88,10.58,4,16,3.50,0,5,0.58,0,2,0.00,0,0,0.00,0,0,27,2.25,5,1,62.17,2.30,5.18,9.83,2.15,2.59,3.23,2.15,2.32,3.23,1.80,4,0.33,1,0,9.88,2.47,0.82,3.00,0.00,0.82,3.00,0.00,0.82,3.00,0.00,98,8.17,13,3,174.81,1.78,14.57,21.47,4.75,2.21,3.09,1.64,1.49,1.54,1.41,71,5.92,8,2,210.11,2.96,17.51,25.68,11.84,4.22,18.41,2.44,2.63,3.29,1.96,48.83,4.07,18.41,2.36,1,2.15,2.15,2.15,2.15,0,0.00,0.00,0.00,0.00,3,4.75,1.58,1.71,1.51,2,21.70,10.85,18.41,3.29,28.60,18.41
./examples/struct/list/list_delete.prop,11,188,419.99,2.23,35.00,52.10,17.84,10.58,5,12,3.67,0,7,0.17,0,1,0.00,0,0,0.00,0,0,23,1.92,6,0,54.89,2.39,4.57,11.45,0.00,2.46,2.96,0.00,2.29,2.96,0.00,2,0.17,1,0,4.95,2.47,0.41,2.60,0.00,0.41,2.60,0.00,0.41,2.60,0.00,93,7.75,14,1,146.10,1.57,12.18,21.50,1.79,1.70,1.81,1.59,1.50,1.79,1.36,70,5.83,9,1,214.05,3.06,17.84,25.88,8.87,4.47,19.90,2.43,4.09,19.90,1.85,52.40,4.37,19.90,2.36,0,0.00,0.00,0.00,0.00,0,0.00,0.00,0.00,0.00,1,1.79,1.79,1.79,1.79,1,19.90,19.90,19.90,19.90,21.69,19.90
./examples/struct/list/list_elem.prop,2,53,81.38,1.54,27.13,39.33,10.10,6.33,4,8,1.33,0,3,1.00,0,2,0.00,0,0,0.00,0,0,11,3.67,5,1,17.08,1.55,5.69,7.94,1.55,1.67,1.74,1.55,1.47,1.55,1.36,2,0.67,2,0,3.35,1.68,1.12,3.35,0.00,0.57,1.71,0.00,0.55,1.64,0.00,25,8.33,11,3,33.51,1.34,11.17,15.04,4.17,1.48,1.52,1.43,1.27,1.32,1.20,15,5.00,7,2,27.44,1.83,9.15,13.00,4.37,2.06,2.42,1.76,1.76,1.95,1.60,5.84,1.95,2.42,1.68,1,1.55,1.55,1.55,1.55,0,0.00,0.00,0.00,0.00,3,4.17,1.39,1.52,1.32,2,4.37,2.19,2.42,1.95,10.10,2.42
./examples/struct/list/list_drop.prop,5,182,371.53,2.04,61.92,83.89,47.67,13.17,6,23,6.67,0,11,2.33,0,9,0.00,0,0,0.00,0,0,28,4.67,9,1,60.46,2.16,10.08,19.56,2.72,2.48,2.72,2.23,2.09,2.72,1.62,4,0.67,1,0,8.67,2.17,1.45,2.34,0.00,1.45,2.34,0.00,1.45,2.34,0.00,89,14.83,19,11,136.58,1.53,22.76,29.20,16.59,1.67,1.76,1.61,1.41,1.49,1.35,61,10.17,13,8,165.82,2.72,27.64,36.00,18.36,3.46,6.45,2.64,2.36,2.84,1.85,19.87,3.31,6.45,2.37,9,19.56,2.17,2.44,1.94,0,0.00,0.00,0.00,0.00,19,28.33,1.49,1.65,1.35,10,36.00,3.60,6.45,2.84,83.89,6.45
./examples/struct/list/list_take.prop,4,96,170.57,1.78,34.11,48.94,18.07,6.40,3,9,4.00,0,6,1.00,0,2,0.00,0,0,0.00,0,0,13,2.60,4,1,23.38,1.80,4.68,7.22,1.97,1.96,2.16,1.67,1.72,1.97,1.59,2,0.40,1,0,3.80,1.90,0.76,1.91,0.00,0.76,1.91,0.00,0.76,1.91,0.00,47,9.40,14,5,70.24,1.49,14.05,20.85,7.46,1.61,1.79,1.51,1.40,1.44,1.36,34,6.80,10,3,73.16,2.15,14.63,21.10,7.32,2.38,2.63,2.23,2.01,2.18,1.83,10.71,2.14,2.51,2.03,2,3.29,1.64,1.67,1.62,0,0.00,0.00,0.00,0.00,5,7.46,1.49,1.56,1.44,3,7.32,2.44,2.63,2.18,18.07,2.51
./examples/struct/queue/queue_dequeue.prop,1,21,567.14,27.01,283.57,331.15,236.00,3.00,3,3,1.00,0,2,0.50,0,1,0.00,0,0,0.00,0,0,4,2.00,4,0,8.00,2.00,4.00,8.00,0.00,1.10,2.21,0.00,0.93,1.86,0.00,1,0.50,1,0,1.99,1.99,1.00,1.99,0.00,1.00,1.99,0.00,1.00,1.99,0.00,10,5.00,9,1,155.51,15.55,77.75,126.38,29.13,33.92,38.71,29.13,15.29,29.13,1.44,6,3.00,5,1,401.64,66.94,200.82,300.02,101.62,173.86,300.02,47.71,151.89,300.00,3.77,338.90,169.45,300.02,38.87,0,0.00,0.00,0.00,0.00,1,1.99,1.99,1.99,1.99,1,29.13,29.13,29.13,29.13,1,300.02,300.02,300.02,300.00,331.15,300.02
./examples/struct/queue/queue_empty.prop,1,14,28.68,2.05,14.34,25.39,3.28,1.00,1,1,0.50,0,1,0.00,0,0,0.00,0,0,0.00,0,0,2,1.00,2,0,3.41,1.71,1.71,3.41,0.00,0.91,1.81,0.00,0.80,1.60,0.00,0,0.00,0,0,0.00,0.00,0.00,0.00,0.00,0.00,0.00,0.00,0.00,0.00,0.00,7,3.50,6,1,10.54,1.51,5.27,9.10,1.44,1.55,1.66,1.44,1.45,1.46,1.44,5,2.50,4,1,14.72,2.94,7.36,12.88,1.84,4.01,6.18,1.84,1.83,1.84,1.82,3.66,1.83,1.84,1.82,0,0.00,0.00,0.00,0.00,0,0.00,0.00,0.00,0.00,1,1.44,1.44,1.44,1.44,1,1.84,1.84,1.84,1.84,3.28,1.84
./examples/struct/queue/queue_enqueue.prop,1,20,598.21,29.91,299.11,353.64,244.57,2.50,2,3,1.00,0,2,0.50,0,1,0.00,0,0,0.00,0,0,4,2.00,3,1,8.86,2.21,4.43,6.79,2.07,2.24,2.41,2.07,2.11,2.16,2.07,0,0.00,0,0,0.00,0.00,0.00,0.00,0.00,0.00,0.00,0.00,0.00,0.00,0.00,10,5.00,7,3,147.74,14.77,73.87,125.08,22.66,27.92,36.56,19.28,1.63,1.67,1.59,6,3.00,4,2,441.61,73.60,220.81,328.92,112.70,178.09,300.04,56.14,16.53,28.87,4.18,345.39,172.70,300.04,45.35,1,2.07,2.07,2.07,2.07,0,0.00,0.00,0.00,0.00,3,22.66,7.55,19.28,1.67,2,328.92,164.46,300.04,28.87,353.64,300.04
./examples/struct/stack/stack_pop.prop,1,22,37.69,1.71,18.85,27.98,9.71,2.50,2,3,1.50,0,3,0.50,0,1,0.00,0,0,0.00,0,0,4,2.00,3,1,6.77,1.69,3.38,5.34,1.43,1.65,1.88,1.43,1.57,1.71,1.43,0,0.00,0,0,0.00,0.00,0.00,0.00,0.00,0.00,0.00,0.00,0.00,0.00,0.00,11,5.50,8,3,17.17,1.56,8.59,12.77,4.40,1.73,1.94,1.52,1.42,1.43,1.41,7,3.50,5,2,13.75,1.96,6.88,9.87,3.89,2.00,2.05,1.96,1.91,1.93,1.89,3.86,1.93,1.93,1.93,1,1.43,1.43,1.43,1.43,0,0.00,0.00,0.00,0.00,3,4.40,1.47,1.52,1.43,2,3.89,1.94,1.96,1.93,9.71,1.93
./examples/struct/stack/stack_empty.prop,1,14,19.18,1.37,9.59,16.51,2.67,1.00,1,1,0.50,0,1,0.00,0,0,0.00,0,0,0.00,0,0,2,1.00,2,0,2.78,1.39,1.39,2.78,0.00,0.72,1.43,0.00,0.67,1.34,0.00,0,0.00,0,0,0.00,0.00,0.00,0.00,0.00,0.00,0.00,0.00,0.00,0.00,0.00,7,3.50,6,1,8.67,1.24,4.33,7.46,1.20,1.28,1.36,1.20,1.19,1.20,1.17,5,2.50,4,1,7.74,1.55,3.87,6.27,1.47,1.56,1.65,1.47,1.48,1.49,1.47,3.01,1.51,1.54,1.47,0,0.00,0.00,0.00,0.00,0,0.00,0.00,0.00,0.00,1,1.20,1.20,1.20,1.20,1,1.47,1.47,1.47,1.47,2.67,1.47
./examples/struct/stack/stack_push.prop,1,23,38.66,1.68,19.33,33.49,5.17,3.00,3,3,1.50,0,3,0.50,0,1,0.00,0,0,0.00,0,0,4,2.00,4,0,6.83,1.71,3.42,6.83,0.00,0.90,1.80,0.00,0.79,1.59,0.00,1,0.50,1,0,1.78,1.78,0.89,1.78,0.00,0.89,1.78,0.00,0.89,1.78,0.00,11,5.50,10,1,16.42,1.49,8.21,14.99,1.44,1.53,1.62,1.44,1.40,1.44,1.36,7,3.50,6,1,13.63,1.95,6.81,11.67,1.95,2.01,2.07,1.95,1.88,1.95,1.82,3.87,1.93,1.95,1.92,0,0.00,0.00,0.00,0.00,1,1.78,1.78,1.78,1.78,1,1.44,1.44,1.44,1.44,1,1.95,1.95,1.95,1.95,5.17,1.95
./examples/struct/stack/stack_push_pop.prop,9,221,479.60,2.17,47.96,78.20,20.60,13.30,2,26,4.00,0,7,0.40,0,1,0.00,0,0,0.00,0,0,36,3.60,8,1,79.53,2.21,7.95,16.89,2.37,2.43,3.01,1.92,2.03,2.53,1.71,4,0.40,2,0,8.66,2.17,0.87,4.45,0.00,0.65,2.31,0.00,0.64,2.31,0.00,108,10.80,17,3,184.91,1.71,18.49,29.03,4.91,1.86,2.00,1.71,1.57,1.66,1.51,73,7.30,10,2,206.49,2.83,20.65,31.23,13.32,3.41,8.22,2.50,2.73,5.09,2.08,32.53,3.25,8.22,2.17,1,2.37,2.37,2.37,2.37,0,0.00,0.00,0.00,0.00,3,4.91,1.64,1.80,1.51,2,13.32,6.66,8.22,5.09,20.60,8.22
./examples/struct/BST/bst_find.prop,2,61,101.77,1.67,33.92,48.62,24.36,6.67,5,9,2.00,0,3,2.00,0,3,0.00,0,0,0.00,0,0,12,4.00,6,3,20.14,1.68,6.71,9.83,4.92,1.78,1.85,1.66,1.62,1.69,1.56,2,0.67,2,0,3.81,1.90,1.27,3.81,0.00,0.64,1.92,0.00,0.63,1.89,0.00,29,9.67,15,7,41.68,1.44,13.89,21.42,10.09,1.71,1.79,1.66,1.23,1.32,1.18,18,6.00,9,4,36.14,2.01,12.05,17.38,9.35,2.40,3.21,1.98,1.85,1.99,1.74,7.03,2.34,3.21,1.85,3,4.92,1.64,1.66,1.63,0,0.00,0.00,0.00,0.00,7,10.09,1.44,1.79,1.18,4,9.35,2.34,3.21,1.99,24.36,3.21
./examples/struct/BST/bst_delete.prop,12,193,1995.30,10.34,153.48,237.31,62.43,7.92,4,12,3.08,0,6,0.31,0,2,0.00,0,0,0.00,0,0,24,1.85,5,0,48.25,2.01,3.71,8.72,0.00,2.02,2.68,0.00,1.82,2.50,0.00,3,0.23,1,0,5.84,1.95,0.45,1.99,0.00,0.45,1.99,0.00,0.45,1.99,0.00,95,7.31,13,1,1692.96,17.82,130.23,212.49,1.40,28.09,45.41,1.40,1.71,3.65,1.29,71,5.46,8,1,248.25,3.50,19.10,61.03,11.15,8.07,61.03,2.22,6.72,61.03,1.82,97.61,7.51,61.03,2.22,0,0.00,0.00,0.00,0.00,0,0.00,0.00,0.00,0.00,1,1.40,1.40,1.40,1.40,1,61.03,61.03,61.03,61.03,62.43,61.03
./examples/struct/BST/bst_insert.prop,10,153,583.49,3.81,53.04,69.42,36.92,6.82,5,9,3.18,0,6,0.09,0,1,0.00,0,0,0.00,0,0,19,1.73,6,0,36.01,1.90,3.27,10.34,0.00,1.82,2.31,0.00,1.74,2.31,0.00,1,0.09,1,0,1.96,1.96,0.18,1.96,0.00,0.18,1.96,0.00,0.18,1.96,0.00,76,6.91,14,1,358.66,4.72,32.61,42.62,1.43,7.73,14.67,1.43,1.47,2.98,1.12,57,5.18,8,1,186.87,3.28,16.99,35.50,10.91,6.70,35.50,2.24,5.14,35.50,1.70,66.78,6.07,35.50,2.21,0,0.00,0.00,0.00,0.00,0,0.00,0.00,0.00,0.00,1,1.43,1.43,1.43,1.43,1,35.50,35.50,35.50,35.50,36.92,35.50
./examples/struct/BST/bst_empty.prop,1,15,19.94,1.33,9.97,15.77,4.17,1.00,1,1,0.50,0,1,0.50,0,1,0.00,0,0,0.00,0,0,2,1.00,2,0,2.87,1.44,1.44,2.87,0.00,0.73,1.47,0.00,0.70,1.40,0.00,1,0.50,1,0,1.51,1.51,0.75,1.51,0.00,0.75,1.51,0.00,0.75,1.51,0.00,7,3.50,6,1,8.06,1.15,4.03,6.90,1.16,1.20,1.24,1.16,1.11,1.16,1.06,5,2.50,4,1,7.51,1.50,3.75,6.00,1.51,1.53,1.55,1.51,1.49,1.51,1.46,2.97,1.49,1.51,1.46,0,0.00,0.00,0.00,0.00,1,1.51,1.51,1.51,1.51,1,1.16,1.16,1.16,1.16,1,1.51,1.51,1.51,1.51,4.17,1.51
./examples/struct/BST/bst_find2.prop,2,48,675.48,14.07,225.16,359.70,79.57,5.67,2,8,1.67,0,3,0.33,0,1,0.00,0,0,0.00,0,0,10,3.33,6,1,17.27,1.73,5.76,10.65,1.72,1.84,2.04,1.72,1.60,1.72,1.51,0,0.00,0,0,0.00,0.00,0.00,0.00,0.00,0.00,0.00,0.00,0.00,0.00,0.00,24,8.00,12,3,569.49,23.73,189.83,326.74,29.30,38.91,47.17,26.66,1.24,1.29,1.20,14,4.67,6,2,88.72,6.34,29.57,48.55,17.86,18.54,44.63,4.48,2.76,3.93,1.86,55.32,18.44,44.63,4.20,1,1.72,1.72,1.72,1.72,0,0.00,0.00,0.00,0.00,3,29.30,9.77,26.66,1.29,2,48.55,24.28,44.63,3.93,79.57,44.63
./examples/struct/BST/bst_empty2.prop,1,14,22.20,1.59,11.10,19.28,2.92,1.00,1,1,0.50,0,1,0.00,0,0,0.00,0,0,0.00,0,0,2,1.00,2,0,2.86,1.43,1.43,2.86,0.00,0.73,1.46,0.00,0.70,1.40,0.00,0,0.00,0,0,0.00,0.00,0.00,0.00,0.00,0.00,0.00,0.00,0.00,0.00,0.00,7,3.50,6,1,10.57,1.51,5.29,9.36,1.21,2.25,3.29,1.21,1.19,1.21,1.16,5,2.50,4,1,8.76,1.75,4.38,7.06,1.70,1.79,1.88,1.70,1.65,1.70,1.60,3.43,1.71,1.73,1.70,0,0.00,0.00,0.00,0.00,0,0.00,0.00,0.00,0.00,1,1.21,1.21,1.21,1.21,1,1.70,1.70,1.70,1.70,2.92,1.70